{
    "q01:res-q01:ro": {
        "dc_offset_i": -13.1693124771118,
        "dc_offset_q": -2.0880434513092,
        "amp_ratio": 1.010264277458191,
        "phase_error": 13.946269989013672
    },
    "q01:res-q01:ro1": {
        "dc_offset_i": -13.1693124771118,
        "dc_offset_q": -2.0880434513092,
        "amp_ratio": 1.010264277458191,
        "phase_error": 13.946269989013672
    },
    "q01:res-q01:ro2": {
        "dc_offset_i": -13.1693124771118,
        "dc_offset_q": -2.0880434513092,
        "amp_ratio": 1.010264277458191,
        "phase_error": 13.946269989013672
    },
    "q01:res-q01:ro_2st_opt": {
        "dc_offset_i": -13.1693124771118,
        "dc_offset_q": -2.0880434513092,
        "amp_ratio": 1.010264277458191,
        "phase_error": 13.946269989013672
    },
    "q01:res-q01:ro_3st_opt": {
        "dc_offset_i": -13.1693124771118,
        "dc_offset_q": -2.0880434513092,
        "amp_ratio": 1.010264277458191,
        "phase_error": 13.946269989013672
    },
    "q02:res-q02:ro": {
        "dc_offset_i": -13.1716299057007,
        "dc_offset_q": -2.09072637557983,
        "amp_ratio": 1.021780252456665,
        "phase_error": 2.6595141887664795
    },
    "q02:res-q02:ro1": {
        "dc_offset_i": -13.1716299057007,
        "dc_offset_q": -2.09072637557983,
        "amp_ratio": 1.021780252456665,
        "phase_error": 2.6595141887664795
    },
    "q02:res-q02:ro2": {
        "dc_offset_i": -13.1716299057007,
        "dc_offset_q": -2.09072637557983,
        "amp_ratio": 1.021780252456665,
        "phase_error": 2.6595141887664795
    },
    "q02:res-q02:ro_2st_opt": {
        "dc_offset_i": -13.1716299057007,
        "dc_offset_q": -2.09072637557983,
        "amp_ratio": 1.021780252456665,
        "phase_error": 2.6595141887664795
    },
    "q02:res-q02:ro_3st_opt": {
        "dc_offset_i": -13.1716299057007,
        "dc_offset_q": -2.09072637557983,
        "amp_ratio": 1.021780252456665,
        "phase_error": 2.6595141887664795
    }
}