{
    "q01:mw-q01:01": {
        "dc_offset_i": -2.42085480690002,
        "dc_offset_q": -0.202401503920555,
        "amp_ratio": 0.9458944797515869,
        "phase_error": -20.938961029052734
    },
    "q01:mw-q01:12": {
        "dc_offset_i": -2.42085480690002,
        "dc_offset_q": -0.202401503920555,
        "amp_ratio": 0.9458944797515869,
        "phase_error": -20.938961029052734
    },
    "q02:mw-q02:01": {
        "dc_offset_i": -6.07662534713745,
        "dc_offset_q": 1.51616108417511,
        "amp_ratio": 0.9699323177337646,
        "phase_error": -14.725406646728516
    },
    "q02:mw-q02:12": {
        "dc_offset_i": -6.07662534713745,
        "dc_offset_q": 1.51616108417511,
        "amp_ratio": 0.9699323177337646,
        "phase_error": -14.725406646728516
    }
}