{
    "q01:res-q01:ro": {
        "dc_offset_i": -13.1742992401123,
        "dc_offset_q": -2.09747982025146,
        "amp_ratio": 1.010467529296875,
        "phase_error": 13.921825408935547
    },
    "q01:res-q01:ro1": {
        "dc_offset_i": -13.1742992401123,
        "dc_offset_q": -2.09747982025146,
        "amp_ratio": 1.010467529296875,
        "phase_error": 13.921825408935547
    },
    "q01:res-q01:ro2": {
        "dc_offset_i": -13.1742992401123,
        "dc_offset_q": -2.09747982025146,
        "amp_ratio": 1.010467529296875,
        "phase_error": 13.921825408935547
    },
    "q01:res-q01:ro_2st_opt": {
        "dc_offset_i": -13.1742992401123,
        "dc_offset_q": -2.09747982025146,
        "amp_ratio": 1.010467529296875,
        "phase_error": 13.921825408935547
    },
    "q01:res-q01:ro_3st_opt": {
        "dc_offset_i": -13.1742992401123,
        "dc_offset_q": -2.09747982025146,
        "amp_ratio": 1.010467529296875,
        "phase_error": 13.921825408935547
    },
    "q02:res-q02:ro": {
        "dc_offset_i": -13.1744031906128,
        "dc_offset_q": -2.10470485687256,
        "amp_ratio": 1.0207068920135498,
        "phase_error": 2.608478307723999
    },
    "q02:res-q02:ro1": {
        "dc_offset_i": -13.1744031906128,
        "dc_offset_q": -2.10470485687256,
        "amp_ratio": 1.0207068920135498,
        "phase_error": 2.608478307723999
    },
    "q02:res-q02:ro2": {
        "dc_offset_i": -13.1744031906128,
        "dc_offset_q": -2.10470485687256,
        "amp_ratio": 1.0207068920135498,
        "phase_error": 2.608478307723999
    },
    "q02:res-q02:ro_2st_opt": {
        "dc_offset_i": -13.1744031906128,
        "dc_offset_q": -2.10470485687256,
        "amp_ratio": 1.0207068920135498,
        "phase_error": 2.608478307723999
    },
    "q02:res-q02:ro_3st_opt": {
        "dc_offset_i": -13.1744031906128,
        "dc_offset_q": -2.10470485687256,
        "amp_ratio": 1.0207068920135498,
        "phase_error": 2.608478307723999
    }
}