{
    "q01:mw-q01:01": {
        "dc_offset_i": -2.43082213401794,
        "dc_offset_q": -0.19180902838707,
        "amp_ratio": 0.9457650780677795,
        "phase_error": -20.738597869873047
    },
    "q01:mw-q01:12": {
        "dc_offset_i": -2.43082213401794,
        "dc_offset_q": -0.19180902838707,
        "amp_ratio": 0.9457650780677795,
        "phase_error": -20.738597869873047
    },
    "q02:mw-q02:01": {
        "dc_offset_i": -6.04305553436279,
        "dc_offset_q": 1.51221978664398,
        "amp_ratio": 0.9693928360939026,
        "phase_error": -14.812360763549805
    },
    "q02:mw-q02:12": {
        "dc_offset_i": -6.04305553436279,
        "dc_offset_q": 1.51221978664398,
        "amp_ratio": 0.9693928360939026,
        "phase_error": -14.812360763549805
    }
}